id,type,file,theorem,tier,status,attempts,pr_url
lean_sorry::specs/lean4/MVK/Phase1/ArchSetup.lean::init_idempotent,lean_sorry,specs/lean4/MVK/Phase1/ArchSetup.lean,init_idempotent,T1->T2,fixed,1,https://github.com/xaviercallens/rust-linux-mini-kernel/pull/28
lean_sorry::specs/lean4/MVK/Phase1/ArchSetup.lean::init_produces_valid_state,lean_sorry,specs/lean4/MVK/Phase1/ArchSetup.lean,init_produces_valid_state,T1->T2,fixed,1,https://github.com/xaviercallens/rust-linux-mini-kernel/pull/28
lean_sorry::specs/lean4/MVK/Phase1/ArchSetup.lean::phase1_establishes_safety,lean_sorry,specs/lean4/MVK/Phase1/ArchSetup.lean,phase1_establishes_safety,T1->T2,fixed,1,https://github.com/xaviercallens/rust-linux-mini-kernel/pull/28
lean_sorry::specs/lean4/MVK/Phase1/ArchSetup.lean::interrupts_disabled_after_init,lean_sorry,specs/lean4/MVK/Phase1/ArchSetup.lean,interrupts_disabled_after_init,T1->T2,unprovable,,https://github.com/xaviercallens/rust-linux-mini-kernel/pull/28
lean_sorry::specs/lean4/MVK/Phase1/InitMain.lean::boot_prints_all_messages,lean_sorry,specs/lean4/MVK/Phase1/InitMain.lean,boot_prints_all_messages,T1->T2,unprovable,,
lean_sorry::specs/lean4/MVK/Phase1/InitMain.lean::boot_state_progression,lean_sorry,specs/lean4/MVK/Phase1/InitMain.lean,boot_state_progression,T1->T2,unprovable,,
lean_sorry::specs/lean4/MVK/Phase1/InitMain.lean::boot_success_implies_halted,lean_sorry,specs/lean4/MVK/Phase1/InitMain.lean,boot_success_implies_halted,T1->T2,unprovable,,
lean_sorry::specs/lean4/MVK/Phase1/InitMain.lean::init_order_correct,lean_sorry,specs/lean4/MVK/Phase1/InitMain.lean,init_order_correct,T1->T2,unprovable,,
lean_sorry::specs/lean4/MVK/Phase1/InitMain.lean::no_panic_before_arch,lean_sorry,specs/lean4/MVK/Phase1/InitMain.lean,no_panic_before_arch,T1->T2,unprovable,,
lean_sorry::specs/lean4/MVK/Phase1/InitMain.lean::serial_stays_initialized,lean_sorry,specs/lean4/MVK/Phase1/InitMain.lean,serial_stays_initialized,T1->T2,unprovable,,
lean_sorry::specs/lean4/MVK/Phase4/ARP.lean::arp_send_safety,lean_sorry,specs/lean4/MVK/Phase4/ARP.lean,arp_send_safety,T1,unprovable,,
lean_sorry::specs/lean4/MVK/Phase5/IPv6.lean::do_ipv6_setsockopt_contract,lean_sorry,specs/lean4/MVK/Phase5/IPv6.lean,do_ipv6_setsockopt_contract,T1,fixed,3,https://github.com/xaviercallens/rust-linux-mini-kernel/pull/27
